/*!999999\- enable the sandbox mode */ 
-- MariaDB dump 10.19-11.2.4-MariaDB, for Linux (x86_64)
--
-- Host: localhost    Database: movielist
-- ------------------------------------------------------
-- Server version	11.2.4-MariaDB

/*!40101 SET @OLD_CHARACTER_SET_CLIENT=@@CHARACTER_SET_CLIENT */;
/*!40101 SET @OLD_CHARACTER_SET_RESULTS=@@CHARACTER_SET_RESULTS */;
/*!40101 SET @OLD_COLLATION_CONNECTION=@@COLLATION_CONNECTION */;
/*!40101 SET NAMES utf8mb4 */;
/*!40103 SET @OLD_TIME_ZONE=@@TIME_ZONE */;
/*!40103 SET TIME_ZONE='+00:00' */;
/*!40014 SET @OLD_UNIQUE_CHECKS=@@UNIQUE_CHECKS, UNIQUE_CHECKS=0 */;
/*!40014 SET @OLD_FOREIGN_KEY_CHECKS=@@FOREIGN_KEY_CHECKS, FOREIGN_KEY_CHECKS=0 */;
/*!40101 SET @OLD_SQL_MODE=@@SQL_MODE, SQL_MODE='NO_AUTO_VALUE_ON_ZERO' */;
/*!40111 SET @OLD_SQL_NOTES=@@SQL_NOTES, SQL_NOTES=0 */;

--
-- Table structure for table `actors`
--

DROP TABLE IF EXISTS `actors`;
/*!40101 SET @saved_cs_client     = @@character_set_client */;
/*!40101 SET character_set_client = utf8 */;
CREATE TABLE `actors` (
  `actor_id` int(11) NOT NULL AUTO_INCREMENT,
  `firstname` varchar(45) NOT NULL,
  `lastname` varchar(45) NOT NULL,
  PRIMARY KEY (`actor_id`)
) ENGINE=InnoDB AUTO_INCREMENT=793 DEFAULT CHARSET=utf8mb4 COLLATE=utf8mb4_unicode_ci;
/*!40101 SET character_set_client = @saved_cs_client */;

--
-- Dumping data for table `actors`
--

LOCK TABLES `actors` WRITE;
/*!40000 ALTER TABLE `actors` DISABLE KEYS */;
INSERT INTO `actors` VALUES
(3,'Zoe','Saldana'),
(4,'Dave','Bautista'),
(5,'Vin','Diesel'),
(6,'Bradley','Cooper'),
(7,'Lee','Pace'),
(8,'Michael','Rooker'),
(9,'Karen','Gillan'),
(10,'Djimon','Hounsou'),
(11,'Ellen','Burstyn'),
(12,'Matthew','McConaughey'),
(13,'Mackenzie','Foy'),
(14,'John','Lithgow'),
(15,'David','Oyelowo'),
(16,'Collette','Wolfe'),
(17,'Francis','X'),
(18,'Bill','Irwin'),
(19,'Ralph','Fiennes'),
(20,'F','Murray'),
(21,'Mathieu','Amalric'),
(22,'Adrien','Brody'),
(23,'Willem','Dafoe'),
(24,'Jeff','Goldblum'),
(25,'Harvey','Keitel'),
(26,'Jude','Law'),
(27,'Bill','Murray'),
(28,'Ben','Affleck'),
(29,'Rosamund','Pike'),
(30,'Neil','Patrick'),
(31,'Tyler','Perry'),
(32,'Carrie','Coon'),
(33,'Kim','Dickens'),
(34,'Patrick','Fugit'),
(35,'David','Clennon'),
(36,'Lisa','Banes'),
(37,'Benedict','Cumberbatch'),
(38,'Keira','Knightley'),
(39,'Matthew','Goode'),
(40,'Rory','Kinnear'),
(41,'Allen','Leech'),
(42,'Matthew','Beard'),
(43,'Charles','Dance'),
(44,'Mark','Strong'),
(45,'Keanu','Reeves'),
(46,'Michael','Nyqvist'),
(47,'Alfie','Allen'),
(48,'Willem','Dafoe'),
(49,'Dean','Winters'),
(50,'Adrianne','Palicki'),
(51,'Omer','Barnea'),
(52,'Daniel','Bernhardt'),
(53,'Hugh','Jackman'),
(54,'James','McAvoy'),
(55,'Michael','Fassbender'),
(56,'Jennifer','Lawrence'),
(57,'Halle','Berry'),
(58,'Nicholas','Hoult'),
(59,'Anna','Paquin'),
(60,'Ellen','Page'),
(61,'Peter','Dinklage'),
(62,'Elizabeth','Reaser'),
(63,'Henry','Thomas'),
(64,'Doug','Jones'),
(65,'Kate','Siegel'),
(66,'Denzel','Washington'),
(67,'Marton','Csokas'),
(68,'David','Harbour'),
(69,'Haley','Bennett'),
(70,'Bill','Pullman'),
(71,'Melissa','Leo'),
(72,'David','Meunier'),
(73,'Angelina','Jolie'),
(74,'Elle','Fanning'),
(75,'Sharlto','Copley'),
(76,'Lesley','Manville'),
(77,'Imelda','Staunton'),
(78,'Juno','Temple'),
(79,'Sam','Riley'),
(80,'Brenton','Thwaites'),
(81,'Kenneth','Cranham'),
(82,'Miles','Teller'),
(83,'JK','Simmons'),
(84,'Paul','Reiser'),
(85,'Melissa','Benoist'),
(86,'Chris','Mulkey'),
(87,'Brad','Pitt'),
(88,'Shia','LaBeouf'),
(89,'Logan','Lerman'),
(90,'Jon','Bernthal'),
(91,'Jim','Parrack'),
(92,'Brad','William'),
(93,'Xavier','Samuel'),
(94,'Colin','Firth'),
(95,'Mark','Strong'),
(96,'Jonno','Davies'),
(97,'Jack','Davenport'),
(98,'Samantha','Womack'),
(99,'Mark','Hamill'),
(100,'Velibor','Topic'),
(101,'Keir','Gilchrist'),
(102,'Maika','Monroe'),
(103,'Lili','Sepe'),
(104,'Olivia','Luccardi'),
(105,'Tom','Cruise'),
(106,'Emily','Blunt'),
(107,'Brendan','Gleeson'),
(108,'Bill','Paxton'),
(109,'Jonas','Armstrong'),
(110,'Tony','Way'),
(111,'Kick','Gurry'),
(112,'Franz','Drameh'),
(113,'Eddie','Redmayne'),
(114,'Felicity','Jones'),
(115,'Harry','Lloyd'),
(116,'Alice','Orr-Ewing'),
(117,'David','Thewlis'),
(118,'Thomas','Morrison'),
(119,'Essie','Davis'),
(120,'Hayley','McElhinney'),
(121,'Daniel','Henshall'),
(122,'Shailene','Woodley'),
(123,'Theo','James'),
(124,'Ashley','Judd'),
(125,'Jai','Courtney'),
(126,'Ray','Stevenson'),
(127,'Miles','Teller'),
(128,'Tony','Goldwyn'),
(129,'Ansel','Elgort'),
(130,'Mickey','Rourke'),
(131,'Jessica','Alba'),
(132,'Josh','Brolin'),
(133,'Joseph','Gordon-Levitt'),
(134,'Rosario','Dawson'),
(135,'Bruce','Willis'),
(136,'Eva','Green'),
(137,'Powers','Boothe'),
(138,'Dennis','Haysbert'),
(139,'Aaron','Paul'),
(140,'Dominic','Cooper'),
(141,'Imogen','Poots'),
(142,'Scott','Mescudi'),
(143,'Rami','Malek'),
(144,'Ramon','Rodriguez'),
(145,'Dakota','Johnson'),
(146,'Stevie','Ray'),
(147,'Andrew','Garfield'),
(148,'Emma','Stone'),
(149,'Jamie','Foxx'),
(150,'Dane','DeHaan'),
(151,'Colm','Feore'),
(152,'Felicity','Jones'),
(153,'Paul','Giamatti'),
(154,'Sally','Field'),
(155,'Embeth','Davidtz'),
(156,'Luke','Evans'),
(157,'Sarah','Gadon'),
(158,'Dominic','Cooper'),
(159,'Art','Parkinson'),
(160,'Charles','Dance'),
(161,'Paul','Kaye'),
(162,'William','Houston'),
(163,'Noah','Huntley'),
(164,'Diego','Luna'),
(165,'Zoe','Saldana'),
(166,'Channing','Tatum'),
(167,'Ron','Perlman'),
(168,'Christina','Applegate'),
(169,'Ice','Cube'),
(170,'Kate','del'),
(171,'Hector','Elizondo'),
(172,'Danny','Trejo'),
(173,'Frank','Grillo'),
(174,'Carmen','Ejogo'),
(175,'Zach','Gilford'),
(176,'Kiele','Sanchez'),
(177,'Justina','Machado'),
(178,'John','Beasley'),
(179,'Noel','Gugliemi'),
(180,'Chris','Evans'),
(181,'Samuel','L'),
(182,'Scarlett','Johansson'),
(183,'Robert','Redford'),
(184,'Sebastian','Stan'),
(185,'Anthony','Mackie'),
(186,'Cobie','Smulders'),
(187,'Frank','Grillo'),
(188,'Mark','Wahlberg'),
(189,'Stanley','Tucci'),
(190,'Kelsey','Grammer'),
(191,'Nicola','Peltz'),
(192,'Jack','Reynor'),
(193,'Titus','Welliver'),
(194,'Sophia','Myles'),
(195,'Bingbing','Li'),
(196,'TJ','Miller'),
(197,'Megan','Fox'),
(198,'Will','Arnett'),
(199,'William','Fichtner'),
(200,'Alan','Ritchson'),
(201,'Noel','Fisher'),
(202,'Pete','Ploszek'),
(203,'Johnny','Knoxville'),
(204,'Jeremy','Howard'),
(205,'Danny','Woodburn'),
(206,'Tom','Ellis'),
(207,'Lauren','German'),
(208,'Kevin','Alejandro'),
(209,'DB','Woodside'),
(210,'Rachael','Harris'),
(211,'Tricia','Helfer'),
(212,'Aimee','Garcia'),
(213,'Ian','McKellen'),
(214,'Martin','Freeman'),
(215,'Richard','Armitage'),
(216,'Ken','Stott'),
(217,'Graham','McTavish'),
(218,'James','Nesbitt'),
(219,'Dean','O\'Gorman'),
(220,'Laura','Allen'),
(221,'Peter','Stormare'),
(222,'Christian','Distefano'),
(223,'Elizabeth','Whitmere'),
(224,'Michael','Keaton)'),
(225,'Emma','Stone)'),
(226,'Zach','Galifianakis)'),
(227,'Naomi','Watts)'),
(228,'Andrea','Riseborough)'),
(229,'Bruce','Campbell'),
(230,'Ellen','Sandweiss'),
(231,'Betsy','Baker'),
(232,'Theresa','Tilly'),
(233,'Jeff','Bridges'),
(234,'Meryl','Streep'),
(235,'Brenton','Thwaites'),
(236,'Katie','Holmes'),
(237,'Odeya','Rush'),
(238,'Cameron','Monaghan'),
(239,'Taylor','Swift'),
(240,'Jemaine','Clement'),
(241,'Taika','Waititi'),
(242,'Hiroki','Hasegawa'),
(243,'Yutaka','Takenouchi'),
(244,'Satomi','Ishihara'),
(245,'Ren','Ohsugi'),
(246,'Akira','Emoto'),
(247,'Mikako','Ichikawa'),
(248,'Jun','Kunimura'),
(249,'Pierre','Taki'),
(250,'Dylan','O\'Brien'),
(251,'Aml','Ameen'),
(252,'Thomas','Brodie-Sangster'),
(253,'Will','Poulter'),
(254,'Kaya','Scodelario'),
(255,'Chris','Sheffield'),
(256,'Jake','Gyllenhaal'),
(257,'Michael','Papajohn'),
(258,'Bill','Paxton'),
(259,'James','Huang'),
(260,'Kent','Shocknek'),
(261,'Sharon','Tay'),
(262,'Shailene','Woodley'),
(263,'Ansel','Elgort'),
(264,'Nat','Wolff'),
(265,'Laura','Dern'),
(266,'Sam','Trammell'),
(267,'Willem','Dafoe'),
(268,'Lotte','Verbeek'),
(269,'Randy','Kovitz'),
(270,'Dwayne','Johnson'),
(271,'Ian','McShane'),
(272,'John','Hurt'),
(273,'Rufus','Sewell'),
(274,'Aksel','Hennie'),
(275,'Reece','Ritchie'),
(276,'Joseph','Fiennes'),
(277,'Tobias','Santelmann'),
(278,'Seth','Rogen'),
(279,'Rose','Byrne'),
(280,'Brian','Huskey'),
(281,'Ike','Barinholtz'),
(282,'Carla','Gallo'),
(283,'Zac','Efron'),
(284,'Dave','Franco'),
(285,'Sylvester','Stallone'),
(286,'Jason','Statham'),
(287,'Harrison','Ford'),
(288,'Arnold','Schwarzenegger'),
(289,'Mel','Gibson'),
(290,'Wesley','Snipes'),
(291,'Dolph','Lundgren'),
(292,'Randy','Couture'),
(293,'Terry','Crews'),
(294,'Will','Arnett'),
(295,'Elizabeth','Banks'),
(296,'Alison','Brie'),
(297,'Anthony','Daniels'),
(298,'Charlie','Day'),
(299,'Keith','Ferguson'),
(300,'Lily','Collins'),
(301,'Sam','Claflin'),
(302,'Christian','Cooke'),
(303,'Jaime','Winstone'),
(304,'Suki','Waterhouse'),
(305,'Tamsin','Egerton'),
(306,'Jamie','Beamish'),
(307,'Lorcan','Cranitch'),
(308,'Ellar','Coltrane'),
(309,'Patricia','Arquette'),
(310,'Lorelei','Linklater'),
(311,'Ethan','Hawke'),
(312,'Bradley','Cooper'),
(313,'Kyle','Gallner'),
(314,'Ben','Reed'),
(315,'Keir','O\'Donnell'),
(316,'Scott','Adsit'),
(317,'Daniel','Henney'),
(318,'TJ','Miller'),
(319,'Jamie','Chung'),
(320,'Damon','Wayans'),
(321,'Genesis','Rodriguez'),
(322,'James','Cromwell'),
(323,'Alan','Tudyk'),
(324,'Jennifer','Lawrence'),
(325,'Josh','Hutcherson'),
(326,'Liam','Hemsworth'),
(327,'Woody','Harrelson'),
(328,'Donald','Sutherland'),
(329,'Philip','Seymour'),
(330,'Julianne','Moore'),
(331,'Willow','Shields'),
(332,'Sam','Claflin'),
(333,'Russell','Crowe'),
(334,'Jennifer','Connelly'),
(335,'Ray','Winstone'),
(336,'Anthony','Hopkins'),
(337,'Emma','Watson'),
(338,'Logan','Lerman'),
(339,'Douglas','Booth'),
(340,'Nick','Nolte'),
(341,'Mark','Margolis'),
(342,'Ethan','Hawke'),
(343,'Jack','O\'Connell'),
(344,'Domhnall','Gleeson'),
(345,'Garrett','Hedlund'),
(346,'Finn','Wittrock'),
(347,'Jai','Courtney'),
(348,'Vincenzo','Amato'),
(349,'Amy','Adams'),
(350,'Christoph','Waltz'),
(351,'Danny','Huston'),
(352,'Krysten','Ritter'),
(353,'Jason','Schwartzman'),
(354,'Terence','Stamp'),
(355,'Jon','Polito'),
(356,'Madeleine','Arthur'),
(357,'Michael','Pitt'),
(358,'Steven','Yeun'),
(359,'Brit','Marling'),
(360,'Charles','Woods'),
(361,'Joanna','Newsom'),
(362,'Katherine','Waterston'),
(363,'Joaquin','Phoenix'),
(364,'Jeannie','Berlin'),
(365,'Josh','Brolin'),
(366,'Eric','Roberts'),
(367,'Serena','Scott'),
(368,'Rita','Cortese'),
(369,'Julieta','Zylberberg'),
(370,'Leonardo','Sbaraglia'),
(371,'Jill','Larson'),
(372,'Anne','Ramsay'),
(373,'Michelle','Ang'),
(374,'Brett','Gentile'),
(375,'Ryan','Cutrona'),
(376,'Anne','Bedian'),
(377,'Sullivan','Stapleton'),
(378,'Eva','Green'),
(379,'Lena','Headey'),
(380,'Hans','Matheson'),
(381,'Callan','Mulvey'),
(382,'David','Wenham'),
(383,'Rodrigo','Santoro'),
(384,'Jack','O\'Connell'),
(385,'Andrew','Tiernan'),
(386,'Jonah','Hill'),
(387,'Channing','Tatum'),
(388,'Peter','Stormare'),
(389,'Wyatt','Russell'),
(390,'Amber','Stevens'),
(391,'Ice','Cube'),
(392,'Michelle','Monaghan'),
(393,'James','Marsden'),
(394,'Liana','Liberato'),
(395,'Gerald','McRaney'),
(396,'Caroline','Goodall'),
(397,'Clarke','Peters'),
(398,'Sebastian','Arcelus'),
(399,'Jon','Tenney'),
(400,'Zoey','Deutch'),
(401,'Danila','Kozlovsky'),
(402,'Gabriel','Byrne'),
(403,'Olga','Kurylenko'),
(404,'Sarah','Hyland'),
(405,'Cameron','Monaghan'),
(406,'Sami','Gayle'),
(407,'Jeff','Bridges'),
(408,'Ben','Barnes'),
(409,'Julianne','Moore'),
(410,'Alicia','Vikander'),
(411,'Antje','Traue'),
(412,'Olivia','Williams'),
(413,'Kit','Harington'),
(414,'Djimon','Hounsou'),
(415,'Eric','Bana'),
(416,'Olivia','Munn'),
(417,'Chris','Coy'),
(418,'Dorian','Missick'),
(419,'Sean','Harris'),
(420,'Joel','McHale'),
(421,'Mike','Houston'),
(422,'Andy','Serkis'),
(423,'Jason','Clarke'),
(424,'Gary','Oldman'),
(425,'Keri','Russell'),
(426,'Toby','Kebbell'),
(427,'Kodi','Smit-McPhee'),
(428,'Kirk','Acevedo'),
(429,'Christian','Bale'),
(430,'Joel','Edgerton'),
(431,'John','Turturro'),
(432,'Aaron','Paul'),
(433,'Ben','Mendelsohn'),
(434,'Sigourney','Weaver'),
(435,'Ben','Kingsley'),
(436,'Annabelle','Wallis'),
(437,'Ward','Horton'),
(438,'Tony','Amendola'),
(439,'Alfre','Woodard'),
(440,'Eric','Ladin'),
(441,'Ivar','Brogger'),
(442,'Karl','Urban'),
(443,'James','Marsden'),
(444,'Wentworth','Miller'),
(445,'Eric','Stonestreet'),
(446,'Matthias','Schoenaerts'),
(447,'Isabel','Lucas'),
(448,'Rachael','Taylor'),
(449,'Rhona','Mitra'),
(450,'Valerie','Cruz'),
(451,'Michael','Parks'),
(452,'Justin','Long'),
(453,'Genesis','Rodriguez'),
(454,'Haley','Joel'),
(455,'Johnny','Depp'),
(456,'Ralph','Garman'),
(457,'Jennifer','Schwalbach'),
(458,'Harley','Quinn'),
(459,'James','Franco'),
(460,'Seth','Rogen'),
(461,'Lizzy','Caplan'),
(462,'Timothy','Simons'),
(463,'Ryan','Reynolds'),
(464,'Gemma','Arterton'),
(465,'Anna','Kendrick'),
(466,'Jacki','Weaver'),
(467,'Ella','Smith'),
(468,'Sam','Spruell'),
(469,'Aaron','Eckhart'),
(470,'Yvonne','Strahovski'),
(471,'Miranda','Otto'),
(472,'Bill','Nighy'),
(473,'Jai','Courtney'),
(474,'Aden','Young'),
(475,'Caitlin','Stasey'),
(476,'Mahesh','Jadu'),
(477,'Robert','Downey'),
(478,'Robert','Duvall'),
(479,'Vera','Farmiga'),
(480,'Billy','Bob'),
(481,'Vincent','D\'Onofrio'),
(482,'Dax','Shepard'),
(483,'Leighton','Meester'),
(484,'Ken','Howard'),
(485,'Bradley','Cooper'),
(486,'Sienna','Miller'),
(487,'Riccardo','Scamarcio'),
(488,'Omar','Sy'),
(489,'Henry','Goodman'),
(490,'Matthew','Rhys'),
(491,'Stephen','Campbell'),
(492,'Mireille','Enos'),
(493,'Jamie','Blackley'),
(494,'Joshua','Leonard'),
(495,'Liana','Liberato'),
(496,'Stacy','Keach'),
(497,'Gabrielle','Rose'),
(498,'Jakob','Davies'),
(499,'Perdita','Weeks'),
(500,'Ben','Feldman'),
(501,'Edwin','Hodge'),
(502,'Kevin','Costner');
/*!40000 ALTER TABLE `actors` ENABLE KEYS */;
UNLOCK TABLES;

--
-- Table structure for table `genres`
--

DROP TABLE IF EXISTS `genres`;
/*!40101 SET @saved_cs_client     = @@character_set_client */;
/*!40101 SET character_set_client = utf8 */;
CREATE TABLE `genres` (
  `genre_id` int(11) NOT NULL AUTO_INCREMENT,
  `name` varchar(255) DEFAULT NULL,
  PRIMARY KEY (`genre_id`)
) ENGINE=InnoDB AUTO_INCREMENT=17 DEFAULT CHARSET=utf8mb4 COLLATE=utf8mb4_unicode_ci;
/*!40101 SET character_set_client = @saved_cs_client */;

--
-- Dumping data for table `genres`
--

LOCK TABLES `genres` WRITE;
/*!40000 ALTER TABLE `genres` DISABLE KEYS */;
INSERT INTO `genres` VALUES
(1,'Action'),
(2,'Abenteuer'),
(3,'Crime'),
(4,'Komoedie'),
(5,'Drama'),
(6,'SciFi'),
(7,'Horror'),
(8,'Thriller');
/*!40000 ALTER TABLE `genres` ENABLE KEYS */;
UNLOCK TABLES;

--
-- Table structure for table `movie_actors`
--

DROP TABLE IF EXISTS `movie_actors`;
/*!40101 SET @saved_cs_client     = @@character_set_client */;
/*!40101 SET character_set_client = utf8 */;
CREATE TABLE `movie_actors` (
  `movie_id` int(11) NOT NULL,
  `actor_id` int(11) NOT NULL,
  UNIQUE KEY `uq_movie_actors_idx` (`movie_id`,`actor_id`),
  KEY `fk_movie_actors_actor_idx` (`actor_id`),
  CONSTRAINT `fk_movie_actors_actor` FOREIGN KEY (`actor_id`) REFERENCES `actors` (`actor_id`) ON DELETE CASCADE ON UPDATE NO ACTION,
  CONSTRAINT `fk_movie_actors_movie` FOREIGN KEY (`movie_id`) REFERENCES `movies` (`movie_id`) ON DELETE CASCADE ON UPDATE NO ACTION
) ENGINE=InnoDB DEFAULT CHARSET=utf8mb4 COLLATE=utf8mb4_unicode_ci;
/*!40101 SET character_set_client = @saved_cs_client */;

--
-- Dumping data for table `movie_actors`
--

LOCK TABLES `movie_actors` WRITE;
/*!40000 ALTER TABLE `movie_actors` DISABLE KEYS */;
INSERT INTO `movie_actors` VALUES
(4,4),
(5,5),
(6,6),
(7,7),
(8,8),
(9,9),
(10,10),
(11,11),
(12,12),
(13,13),
(14,14),
(15,15),
(16,16),
(17,17),
(18,18),
(19,19),
(20,20),
(21,21),
(22,22),
(23,23),
(24,24),
(25,25),
(26,26),
(30,27),
(3,28),
(4,29),
(5,30),
(6,31),
(7,32),
(8,33),
(9,34),
(10,35),
(11,36),
(12,37),
(13,38),
(14,39),
(15,40),
(16,41),
(17,42),
(18,43),
(19,44),
(20,45),
(21,46),
(22,47),
(23,48),
(24,49),
(25,50),
(26,51),
(30,52),
(3,53),
(4,54),
(5,55),
(6,56),
(7,57),
(8,58),
(9,59),
(10,60),
(11,61),
(12,62),
(13,63),
(14,64),
(15,65),
(16,66),
(17,67),
(18,68),
(19,69),
(20,70),
(21,71),
(22,72),
(23,73),
(24,74),
(25,75),
(26,76),
(30,77),
(3,78),
(4,79),
(5,80),
(6,81),
(7,82),
(8,83),
(9,84),
(10,85),
(11,86),
(12,87),
(13,88),
(14,89),
(15,90),
(16,91),
(17,92),
(18,93),
(19,94),
(20,95),
(21,96),
(22,97),
(23,98),
(24,99),
(25,100),
(26,101),
(30,102),
(3,103),
(4,104),
(5,105),
(6,106),
(7,107),
(8,108),
(9,109),
(10,110),
(11,111),
(12,112),
(13,113),
(14,114),
(15,115),
(16,116),
(17,117),
(18,118),
(19,119),
(20,120),
(21,121),
(22,122),
(23,123),
(24,124),
(25,125),
(26,126),
(30,127),
(3,128),
(4,129),
(5,130),
(6,131),
(7,132),
(8,133),
(9,134),
(10,135),
(11,136),
(12,137),
(13,138),
(14,139),
(15,140),
(16,141),
(17,142),
(18,143),
(19,144),
(20,145),
(21,146),
(22,147),
(23,148),
(24,149),
(25,150),
(26,151),
(30,152),
(3,153),
(4,154),
(5,155),
(6,156),
(7,157),
(8,158),
(9,159),
(10,160),
(11,161),
(12,162),
(13,163),
(14,164),
(15,165),
(16,166),
(17,167),
(18,168),
(19,169),
(20,170),
(21,171),
(22,172),
(23,173),
(24,174),
(25,175),
(26,176),
(30,177),
(3,178),
(4,179),
(5,180),
(6,181),
(7,182),
(8,183),
(9,184),
(10,185),
(11,186),
(12,187),
(13,188),
(14,189),
(15,190),
(16,191),
(17,192),
(18,193),
(19,194),
(20,195),
(21,196),
(22,197),
(23,198),
(24,199),
(25,200),
(26,201),
(30,202),
(3,203),
(4,204),
(5,205),
(6,206),
(7,207),
(8,208),
(9,209),
(10,210),
(11,211),
(12,212),
(13,213),
(14,214),
(15,215),
(16,216),
(17,217),
(18,218),
(19,219),
(20,220),
(21,221),
(22,222),
(23,223),
(24,224),
(25,225),
(26,226),
(30,227),
(3,228),
(4,229),
(5,230),
(6,231),
(7,232),
(8,233),
(9,234),
(10,235),
(11,236),
(12,237),
(13,238),
(14,239),
(15,240),
(16,241),
(17,242),
(18,243),
(19,244),
(20,245),
(21,246),
(22,247),
(23,248),
(24,249),
(25,250),
(26,251),
(30,252),
(3,253),
(4,254),
(5,255),
(6,256),
(7,257),
(8,258),
(9,259),
(10,260),
(11,261),
(12,262),
(13,263),
(14,264),
(15,265),
(16,266),
(17,267),
(18,268),
(19,269),
(20,270),
(21,271),
(22,272),
(23,273),
(24,274),
(25,275),
(26,276),
(30,277),
(3,278),
(4,279),
(5,280),
(6,281),
(7,282),
(8,283),
(9,284),
(10,285),
(11,286),
(12,287),
(13,288),
(14,289),
(15,290),
(16,291),
(17,292),
(18,293),
(19,294),
(20,295),
(21,296),
(22,297),
(23,298),
(24,299),
(25,300),
(26,301),
(30,302),
(3,303),
(4,304),
(5,305),
(6,306),
(7,307),
(8,308),
(9,309),
(10,310),
(11,311),
(12,312),
(13,313),
(14,314),
(15,315),
(16,316),
(17,317),
(18,318),
(19,319),
(20,320),
(21,321),
(22,322),
(23,323),
(24,324),
(25,325),
(26,326),
(30,327),
(3,328),
(4,329),
(5,330),
(6,331),
(7,332),
(8,333),
(9,334),
(10,335),
(11,336),
(12,337),
(13,338),
(14,339),
(15,340),
(16,341),
(17,342),
(18,343),
(19,344),
(20,345),
(21,346),
(22,347),
(23,348),
(24,349),
(25,350),
(26,351),
(30,352),
(3,353),
(4,354),
(5,355),
(6,356),
(7,357),
(8,358),
(9,359),
(10,360),
(11,361),
(12,362),
(13,363),
(14,364),
(15,365),
(16,366),
(17,367),
(18,368),
(19,369),
(20,370),
(21,371),
(22,372),
(23,373),
(24,374),
(25,375),
(26,376),
(30,377),
(3,378),
(4,379),
(5,380),
(6,381),
(7,382),
(8,383),
(9,384),
(10,385),
(11,386),
(12,387),
(13,388),
(14,389),
(15,390),
(16,391),
(17,392),
(18,393),
(19,394),
(20,395),
(21,396),
(22,397),
(23,398),
(24,399),
(25,400),
(26,401),
(30,402),
(3,403),
(4,404),
(5,405),
(6,406),
(7,407),
(8,408),
(9,409),
(10,410),
(11,411),
(12,412),
(13,413),
(14,414),
(15,415),
(16,416),
(17,417),
(18,418),
(19,419),
(20,420),
(21,421),
(22,422),
(23,423),
(24,424),
(25,425),
(26,426),
(30,427),
(3,428),
(4,429),
(5,430),
(6,431),
(7,432),
(8,433),
(9,434),
(10,435),
(11,436),
(12,437),
(13,438),
(14,439),
(15,440),
(16,441),
(17,442),
(18,443),
(19,444),
(20,445),
(21,446),
(22,447),
(23,448),
(24,449),
(25,450),
(26,451),
(30,452),
(3,453),
(4,454),
(5,455),
(6,456),
(7,457),
(8,458),
(9,459),
(10,460),
(11,461),
(12,462),
(13,463),
(14,464),
(15,465),
(16,466),
(17,467),
(18,468),
(19,469),
(20,470),
(21,471),
(22,472),
(23,473),
(24,474),
(25,475),
(26,476),
(30,477),
(3,478),
(4,479),
(5,480),
(6,481),
(7,482),
(8,483),
(9,484),
(10,485),
(11,486),
(12,487),
(13,488),
(14,489),
(15,490),
(16,491),
(17,492),
(18,493),
(19,494),
(20,495),
(21,496),
(22,497),
(23,498),
(24,499),
(25,500),
(26,501),
(30,502);
/*!40000 ALTER TABLE `movie_actors` ENABLE KEYS */;
UNLOCK TABLES;

--
-- Table structure for table `movie_genres`
--

DROP TABLE IF EXISTS `movie_genres`;
/*!40101 SET @saved_cs_client     = @@character_set_client */;
/*!40101 SET character_set_client = utf8 */;
CREATE TABLE `movie_genres` (
  `movie_id` int(11) NOT NULL,
  `genre_id` int(11) NOT NULL,
  UNIQUE KEY `uq_movie_genre_idx` (`movie_id`,`genre_id`) USING BTREE,
  KEY `fk_movie_genres_genre_idx` (`genre_id`),
  CONSTRAINT `fk_movie_genres_genre` FOREIGN KEY (`genre_id`) REFERENCES `genres` (`genre_id`) ON DELETE CASCADE ON UPDATE NO ACTION,
  CONSTRAINT `fk_movie_genres_movie` FOREIGN KEY (`movie_id`) REFERENCES `movies` (`movie_id`) ON DELETE CASCADE ON UPDATE NO ACTION
) ENGINE=InnoDB DEFAULT CHARSET=utf8mb4 COLLATE=utf8mb4_unicode_ci;
/*!40101 SET character_set_client = @saved_cs_client */;

--
-- Dumping data for table `movie_genres`
--

LOCK TABLES `movie_genres` WRITE;
/*!40000 ALTER TABLE `movie_genres` DISABLE KEYS */;
INSERT INTO `movie_genres` VALUES
(11,1),
(14,1),
(19,1),
(30,1),
(3,2),
(4,2),
(8,2),
(11,2),
(12,2),
(20,2),
(3,3),
(5,3),
(12,3),
(13,3),
(21,3),
(3,4),
(6,4),
(14,4),
(22,4),
(4,5),
(5,5),
(7,5),
(15,5),
(23,5),
(8,6),
(16,6),
(24,6),
(4,7),
(9,7),
(17,7),
(25,7),
(5,8),
(10,8),
(18,8),
(26,8);
/*!40000 ALTER TABLE `movie_genres` ENABLE KEYS */;
UNLOCK TABLES;

--
-- Table structure for table `movies`
--

DROP TABLE IF EXISTS `movies`;
/*!40101 SET @saved_cs_client     = @@character_set_client */;
/*!40101 SET character_set_client = utf8 */;
CREATE TABLE `movies` (
  `movie_id` int(11) NOT NULL AUTO_INCREMENT,
  `title` varchar(255) NOT NULL,
  `poster_url` varchar(255) DEFAULT '/no-poster.jpg',
  `description` text DEFAULT NULL,
  `release_date` date NOT NULL,
  PRIMARY KEY (`movie_id`)
) ENGINE=InnoDB AUTO_INCREMENT=31 DEFAULT CHARSET=utf8mb4 COLLATE=utf8mb4_unicode_ci;
/*!40101 SET character_set_client = @saved_cs_client */;

--
-- Dumping data for table `movies`
--

LOCK TABLES `movies` WRITE;
/*!40000 ALTER TABLE `movies` DISABLE KEYS */;
INSERT INTO `movies` VALUES
(3,'Fluch der Karibik','https://m.media-amazon.com/images/I/813Q1+EROpL._AC_UF1000,1000_QL80_.jpg','Im 17.Jahrhundert sucht der Pirat Jack Sparrow nach einem sagenumwobenen Schatz in der Karibik, als ihn das Schicksal mit dem jungen Will Turner zusammenführt, der aus anderen Gründen auf derselben Fährte ist: nämlich den berüchtigten Captain Barbossa und seine Crew abzufangen, die Wills große Liebe Elizabeth, die Tochter des britischen Gouverneurs entführt haben. Doch Barbossa umhüllt selbst ein düsteres Geheimnis: er und seine Männer sind verflucht und das Licht des Mondes bringt ihre Existenz zum Vorschein: sie sind wie lebende Skelette, monströs und tödlich. Um den Fluch zu brechen, brauchen sie Elizabeth als Opfer. Ein Wettrennen zur Insel des Todes beginnt...','2003-09-02'),
(4,'Pirates of the Caribbean - Fluch der Karibik 2','https://image.tmdb.org/t/p/original/gtFy6ZT0sOPrRsOCnKiRKHAFO0q.jpg','Diesmal sieht sich Captain Jack Sparrow, gerade erst dem Fluch der Black Pearl entkommen, mit einem neuen lebensbedrohenden Abenteuer konfrontiert: Denn Jack steht in lebenslanger Schuld bei Davy Jones, dem legendären Kapitän des Flying Dutchman und Herrscher über die Tiefen des Ozeans. Wenn er keinen Weg findet, den Bann zu brechen, ist er zu einem höllischen Leben nach dem Tode in ewiger Finsternis verdammt. Doch damit nicht genug: Jacks ausgesprochen existenzielle Probleme erweisen sich obendrein als Hindernis für die bevorstehende Hochzeit seiner Freunde Will Turner und Elizabeth Swann, die wider Willen in die andauernden Eskapaden des Kapitäns verwickelt werden. Das Abenteuer kann beginnen ...','2006-07-27'),
(5,'Pirates of the Caribbean - Am Ende der Welt','https://i.pinimg.com/564x/4f/b6/7e/4fb67e558fe3d0da7dfafca33516fbfb.jpg','Seitdem Cutler Beckett und die East India Trading Company das Herz von Davy Jones besitzen und so über ihn und seine scheinbar unbesiegbare Flying Dutchman gebieten, machen sie erbarmungslos Jagd auf sämtliche Piraten und deren Sympathisanten. Der hohe Rat der Piraten will sich versammeln, um über eine Taktik zu beratschlagen, doch dafür müssen alle Piratenfürsten anwesend sein - auch Captain Jack Sparrow, der nun in der Unterwelt weilt. Seine Freunde Will Turner und Elizabeth Swann machen sich mit Hilfe des wieder zum Leben erweckten Kapitän Barbossa auf die Suche nach dem Ende der Welt, an dem sich der Eingang zur Unterwelt befindet. Dafür benötigen sie die Hilfe des unbarmherzigen Piratenfürsten Sao Feng...','2007-05-23'),
(6,'Pirates of the Caribbean - Fremde Gezeiten','https://www.filmposter-archiv.de/filmplakat/2011/pirates_of_the_caribbean_fremde_gezeiten-hp.jpg','In Pirates Of The Caribbean – Fremde Gezeiten begegnet Captain Jack Sparrow einer Frau aus seiner Vergangenheit wieder. Angelica heißt die Schöne und Sparrow war in sie verliebt. Oder hat sie ihn nur benutzt? Jedenfalls schickt Angelica den Piraten auf die Suche nach dem sagenumwobenden Jungbrunnen. Dazu muss er an Board der Queen Anne’s Revenge gehen, dem Schiff des gefürchteten Piraten Blackbeards. Captain Jack Sparrow findet sich in Fluch der Karibik 4 wie erwartet in einer abenteuerlichen Geschichte wieder, in der er nicht mehr weiß, wem er vertrauen kann: dem skrupellosen Piraten Blackbeard oder der schönen Frau aus seiner Vergangenheit. Captain Hector Barbossa kann ihm auch nicht wirklich auf die Sprünge helfen, sondern ist eher eine weitere Störung auf der Suche nach dem Jungbrunnen…','2001-05-18'),
(7,'Pirates of the Caribbean - Salazars Rache','https://i.imgur.com/wUvwlfbl.jpg','Im neuen Abenteuer gerät Captain Jack Sparrow einmal mehr in große Not, als er auf eine Horde Geister-Piraten trifft, angeführt von Sparrows Nemesis Captain Salazar. Die Untoten sind aus dem Bermuda-Dreieck entkommen, in dem sie gefangen waren, und verfolgen nun nur ein Ziel: Sie wollen alle Piraten töten, zuallererst Jack Sparrow. Dessen einzige Chance liegt nun darin, Poseidons Dreizack zu finden, dessen magische Kräfte die Geister-Piraten erneut bannen können und seinem Besitzer die Kontrolle über die Weltmeere verleihen.','2017-05-25'),
(8,'The Marvels','https://i.ebayimg.com/images/g/KAsAAOSw1ixlSksk/s-l1600.jpg','Als die Pflicht sie zu einem anomalen Wurmloch ruft, das ein Kree-Revolutionär ausgelöst hat, werden die Kräfte von Carol Danvers (Captain Marvel), Kamala Khan (Ms. Marvel), ein Superfan Jersey Citys, und Carols Nichte, die S.A.B.E.R.-Astronautin Captain Monica Rambeau, vereint. Das ungleiche Trio muss als „The Marvels“ das Universum retten.','2023-11-08'),
(9,'following - Challenge des Todes','https://gfx.videobuster.de/archive/v/caiFRtdTc7Gf51DG-ziAkZwcz0lMkawsyUyRqclMkZpbWGZJTJGanBlZyUyRjA5ZDVhZWJlN2Ywvek4ZGT0OWNlYeg4ZGZmMDQuanBnJnI9aKYwMA/following-challenge-des-todes-blu-ray-cover.jpg','Eine russische Provinzstadt wird von einer Reihe mysteriöser Todesfälle erschüttert – bei den Opfern handelt es sich durch die Bank um Teenager. So trauert auch Dana um ihre jüngere Schwester Yulya, die sich offenbar ganz bewusst vor einen Zug geworfen hat. Verzweifelt versucht Dana herauszufinden, was wirklich passiert ist. Dazu schaut sie sich die Browser-Historie von Yulyas Computer an und stößt auf ein unheimliches Social-Media-Spiel. Dieses verleitet junge Menschen offenbar dazu, eine Reihe stetig gefährlicher werdender Herausforderungen anzunehmen. Sollten sie sich weigern oder eine der Aufgaben nicht vollenden, droht der Verlust von Freunden, Familienmitgliedern oder auch des eigenen Lebens. Um die Verantwortlichen hinter diesem makabren Online-Projekt und damit für Yulyas Tod zu finden, beschließt Dana, sich ebenfalls auf dieses tödliche Spiel einzulassen …','2021-10-07'),
(10,'Spaceman: Eine kurze Geschichte der böhmischen Raumfahrt','https://i.ebayimg.com/images/g/d8oAAOSw18llhC06/s-l1200.jpg','Während einer Forschungsmission entdeckt ein Astronaut, dass seine Ehe in Schwierigkeiten steckt. Glücklicherweise hat er die Hilfe einer mysteriösen Kreatur, die in seinem Schiff versteckt ist.','2024-02-23'),
(11,'Red Right Hand','https://image.tmdb.org/t/p/original/pY6BqkmRJ9l1vPSXiTUKehbNyfy.jpg',NULL,'2024-02-22'),
(12,'The Beekeeper','https://i.ebayimg.com/images/g/4zAAAOSwE~hlHrd2/s-l1600.jpg','Mr. Clay hat sich auf den ersten Blick ganz der Imkerei verschrieben hat. Doch als seine Nachbarin bei einer Telefon-Abzocke um ihr ganzes Erspartes erleichtert wird und sich daraufhin das Leben nimmt, müssen seine Bienen zurückstehen. Denn nun ist einzig und allein die Rache sein Fokus. Auch wenn er jeden Finger jedes Beteiligten einzeln abtrennen muss, er wird nicht stoppen, bis er die ganze für die Scams verantwortliche Organisation zerstört hat. Schnell stellt er auf seinem Rachefeldzug jedoch fast, dass die Betrüger mächtiger als zunächst vermutet sind. Doch auch seine Gegner müssen bald schmerzlichst lernen, dass sie es hier nicht mit einem einfachen Imker, sondern einem ehemaligen Spezialagenten einer mysteriösen Organisation, die den Namen „Beekeepers“ trägt, zu tun haben...','2024-01-08'),
(13,'Argylle','https://i.ebayimg.com/images/g/klcAAOSw55llhzFV/s-l1600.jpg','Die zurückgezogene Bestseller-Autorin Elly Conway arbeitet an einem neuen Teil ihrer beliebten Roman-Reihe über den eleganten Superspion Argylle. Doch plötzlich offenbart ihr der Geheimagent Aiden, dass ihre Geschichten Auswirkungen auf die reale Welt haben. Während sie von ihrer Katze Alfie begleitet wird, geraten Elly und Aiden immer tiefer in eine globale Spionage-Verschwörung, bei der die Grenzen zwischen Realität und Fiktion verschwimmen.','2024-01-31'),
(14,'Dune','https://m.media-amazon.com/images/I/71fOle+EP9L._AC_UF894,1000_QL80_.jpg','Dune erzählt die packende Geschichte des brillanten jungen Helden Paul Atreides, dem das Schicksal eine Rolle vorherbestimmt hat, von der er niemals geträumt hätte. Um die Zukunft seiner Familie und seines gesamten Volkes zu sichern, muss Paul auf den gefährlichsten Planeten des Universums reisen. Nur auf dieser Welt existiert ein wertvoller Rohstoff, der es der Menschheit ermöglichen könnte, ihr vollständiges geistiges Potenzial auszuschöpfen.  Doch finstere Mächte wollen die Kontrolle über die kostbare Substanz an sich reißen. Es entbrennt ein erbitterter Kampf, den nur diejenigen überleben werden, die ihre eigenen Ängste besiegen.','2021-09-15'),
(15,'Wonka','https://m.media-amazon.com/images/I/71nfGqr3NwL._AC_UF894,1000_QL80_.jpg','Bereits in jungen Jahren träumt Willy Wonka von seinem eigenen Schokoladengeschäft. Doch Schaum wie so manch anderer Traum ist das nicht. Mit dem Laden ist es ihm sehr ernst. Deshalb hat er auch viel Zeit damit verbracht, um die Welt zu reisen und an verschiedensten Orten seine Techniken zu verbessern. Doch bevor alles überhaupt richtig in Gang kommen kann, ist es schon fast wieder aus mit dem Traum vom eigenen Laden. Denn das mächtige Schokoladenkartell legt dem exzentrischen Wonka jede Menge Steine in den Weg. Aber ohne die Erlaubnis des Kartells geht nun mal leider gar nichts, die Ladentür muss verschlossen bleiben. Aber Wonka lässt sich auch davon nicht unterkriegen. Er sprudelt regelrecht vor Ideen, wie er seine schokoladigen Leckereien trotzdem unters Volk bringen kann. Alleine ist er dabei auch nicht. Die kleine Noodle ist ebenfalls mit dabei. Außerdem kann Wonka auf die Unterstützung der skurrilen Oompa Loompas setzen.','2023-12-06'),
(16,'Kung Fu Panda 4','https://m.media-amazon.com/images/M/MV5BYjM2ZDFhMTctNDdlMy00MjJiLWI0OTItN2I1NjY0ZTNjYWZjXkEyXkFqcGdeQXVyMTY3ODkyNDkz._V1_.jpg','Po bereitet sich darauf vor, das geistige Oberhaupt vom Tal des Friedens zu werden, braucht aber auch jemanden, der seinen Platz als Drachenkrieger einnimmt. Als solcher wird er einen neuen Kung-Fu-Kämpfer für diesen Posten ausbilden und auf einen Bösewicht treffen, der Schurken aus der Vergangenheit beschwört.','2024-03-02'),
(17,'No Way Up','https://m.media-amazon.com/images/I/91kfW6CJA8L.jpg',NULL,'2024-01-18'),
(18,'Code 8 - Teil II','https://m.media-amazon.com/images/M/MV5BMWJkYjYxNWEtNmNiNy00YWIxLTgxMzgtYWU4YzlkMTJlZjE3XkEyXkFqcGdeQXVyMTE5MTg5NDIw._V1_.jpg','Die 14-jährige Pav (Sirena Gulamgaus) fürchtet um ihr Leben: Ihr Bruder wurde von korrupten Polizisten getötet und sie Zeugin des Verbrechens, weshalb der hochdekorierte Sergeant „King“ Kingston (Alex Mallari Jr.) sich an ihre Fersen heftet, um die Tat zu vertuschen. In ihrer Not gerät Pav an den frisch aus der Haft entlassenen Connor Reed (Robbie Amell), der, wie vier Prozent der Weltbevölkerung, über übernatürliche Fähigkeiten verfügt und deshalb staatlich überwacht wird. Connor hatte vor Jahren gemeinsame Sache mit dem Gangster Garrett Kelton (Stephen Amell) gemacht, um seiner schwer erkrankten Mutter eine lebensrettende Behandlung zu ermöglichen, ist auf diesen aber nach den Ereignissen von damals alles andere als gut zu sprechen. Um Pav zu helfen, müssen die beiden Männer ihren Streit beilegen und es mit King und seiner Roboter-Hundestaffel aufzunehmen.','2024-02-27'),
(19,'Raus aus dem Teich','https://i.weltbild.de/p/raus-aus-dem-teich-369555313.jpg?v=1&wp=_max','Eine Entenfamilie versucht, ihren überfürsorglichen Vater Mack davon zu überzeugen, den Urlaub ihres Lebens zu machen, der sie von Neuengland über New York City bis hin zu den Bahamas führt. Denn für Mutter Pam kann es nicht so weitergehen, ständig der gleiche Teich und keine Abwechslung in ihrem Alltag. Und auch Teenie-Sohn Dax und seine kleine Schwester wollen etwas von der Welt sehen. Aber wie vom Vater befürchtet, besteht die Reise nicht nur aus gemütlichem Fliegen und viel Sonne. Die kleine Familie stößt auf dem Weg auch auf einige Hindernisse wie Unwetter und ihnen unbekannte Vogelarten. Trotz dieser Widrigkeiten entdeckten die Enten ihren Mut und ihren Entdeckergeist und erfahren so, dass die größten Abenteuer im Leben auch immer einen Schritt aus der eigenen Komfortzone bedeuten.','2023-12-06'),
(20,'Damsel','https://m.media-amazon.com/images/I/812ChIchw9L._AC_UF894,1000_QL80_.jpg','Die Ehe einer jungen Frau mit einem Märchenprinzen wird zum heftigen Überlebenskampf, als sie einem feuerspeienden Drachen geopfert werden soll.','2024-03-08'),
(21,'Poor Things','https://m.media-amazon.com/images/I/81xmFznkhWL._AC_UF894,1000_QL80_.jpg','Eine junge Frau namens Bella Baxter wird von dem unkonventionellen Wissenschaftler Dr. Godwin Baxter zurück ins Leben gebracht. Unter Führung des brillanten Wissenschaftlers begibt sich Bella auf eine Reise zu sich selbst, immer auf der Suche nach der Lebenserfahrung, die ihr bisher fehlt. Sie trifft dabei unter anderem auf Duncan Wedderburn, einen Anwalt, der ihr die Welt jenseits der Wissenschaft zeigt und mit ihr ein wildes Abenteuer über mehrere Kontinente hinweg erlebt. Aber auch Baxters Student Max McCandless Leben ändern sich plötzlich, als er auf Bella trifft und von ihr regelrecht mit- und aus seinem behüteten Leben herausgerissen wird. Bella entdeckt Stück für Stück ihre Leidenschaft für soziale Gerechtigkeit und Befreiung und kann sich so auch ihrer eigenen Zwänge entledigen, Vorurteile hinter sich lassen und sich immer und immer mehr ausleben.','2024-01-17'),
(22,'Dune: Part Two','https://de.web.img3.acsta.net/r_1280_720/pictures/24/02/09/10/18/3389890.jpg','Paul Atreides begibt sich mithilfe von Chani und den Fremen auf einen Rachefeldzug gegen die Verschwörer, die seine Familie vernichtet haben. Der junge Paul steht vor der Wahl zwischen der Liebe seines Lebens und dem Schicksal des gesamten Universums. Mit allen Mitteln aber muss er versuchen, eine schreckliche Zukunft zu verhindern – eine Zukunft, die niemand außer ihm vorhersehen kann.','2024-02-28'),
(23,'Oppenheimer','https://de.web.img2.acsta.net/pictures/23/05/08/09/22/4259985.jpg','Als dem Physiker Julius Robert Oppenheimer während des Zweiten Weltkriegs die wissenschaftliche Leitung des Manhattan-Projekts übertragen wird, können er und seine Ehefrau Kitty sich nicht vorstellen, welche Auswirkungen Oppenheimers Arbeit nicht nur auf ihr Leben, sondern auf die ganze Welt haben wird. Im Los Alamos National Laboratory in New Mexico sollen er und sein Team unter der Aufsicht von Lt. Leslie Groves eine Nuklearwaffe entwickeln – was ihnen auch gelingt. Oppenheimer wird zum „Vater der Atombombe“ ausgerufen, doch dass seine tödliche Erfindung bald folgenschwer in Hiroshima und Nagasaki eingesetzt wird, lässt Oppenheimer Abstand von dem Projekt nehmen. Als der Krieg zu Ende geht, setzt sich Robert Oppenheimer als Berater der US-amerikanischen Atomenergiebehörde, die von Lewis Strauss mitbegründet wurde, für eine internationale Kontrolle von Kernenergie und gegen ein nukleares Wettrüsten ein – und gerät ins Visier des FBI.','2023-07-10'),
(24,'The Gentlemen','https://auszeitradio.de/wp-content/uploads/2024/03/f0115.jpg','Als der adlige Eddie das Familienanwesen erbt, stelle er fest, dass ein riesiges Marihuana-Imperium dazugehört – und die Betreiber sich nicht in die Suppe spucken lassen.','2023-07-12'),
(25,'Ricky Stanicky','https://de.web.img3.acsta.net/pictures/24/01/29/14/22/0355412.jpg','Die drei Freunde Dean, JT und Wes benutzen seit ihrer Kindheit für jeden Streich, den sie spielen, ihren erfundenen Freund Ricky Stanicky als Ausrede. Zwanzig Jahre lang geht es gut, doch ihre Liebsten wollen Mr. Stanicky endlich einmal kennenlernen. Vor lauter Panik, dass alles ans Licht kommt, engagieren sie den Schauspieler Rod, der die Rolle von Ricky übernimmt.','2024-02-21'),
(26,'Anatomie eines Falls','https://de.web.img2.acsta.net/pictures/23/09/07/15/41/0548960.jpg','Sandra, Samuel und ihr elfjähriger sehbehinderter Sohn Daniel leben seit einem Jahr weit weg von jeglicher Zivilisation in den Bergen. Eines Tages wird Samuel tot am Fuße ihres Hauses aufgefunden. Es wird eine Untersuchung wegen des verdächtigen Todes eingeleitet. Die Ermittler scheinen den Fall selbst zu einem schnellen Ende bringen zu wollen. Denn die Beweislast auf Sandra ist nicht gerade hoch, als die Staatsanwaltschaft Anklage gegen sie erhebt. Sandra selbst kämpft weiter mit dem Tod ihres Mannes: Hat er sich selbst umgebracht oder war es wirklich – wie von den Ermittlern vermutet – Mord? Es vergeht ein Jahr, bis die Verhandlung vor Gericht aufgenommen wird. Auch Daniel wird in den Zeugenstand gerufen. Die Beziehung zwischen Mutter und Sohn wird daraufhin auf eine harte Probe gestellt – vor allem durch die Staatsanwaltschaft, die damit beginnt, mit ihren Fragen die beiden brutal zu durchleuchten.','2023-08-23'),
(30,'Test','https://static.printler.com/cache/e/d/9/d/7/f/ed9d7fe97f3fd32c0f4c71229f29e1380d997e55.jpg','','2024-03-12');
/*!40000 ALTER TABLE `movies` ENABLE KEYS */;
UNLOCK TABLES;

--
-- Dumping routines for database 'movielist'
--
/*!40103 SET TIME_ZONE=@OLD_TIME_ZONE */;

/*!40101 SET SQL_MODE=@OLD_SQL_MODE */;
/*!40014 SET FOREIGN_KEY_CHECKS=@OLD_FOREIGN_KEY_CHECKS */;
/*!40014 SET UNIQUE_CHECKS=@OLD_UNIQUE_CHECKS */;
/*!40101 SET CHARACTER_SET_CLIENT=@OLD_CHARACTER_SET_CLIENT */;
/*!40101 SET CHARACTER_SET_RESULTS=@OLD_CHARACTER_SET_RESULTS */;
/*!40101 SET COLLATION_CONNECTION=@OLD_COLLATION_CONNECTION */;
/*!40111 SET SQL_NOTES=@OLD_SQL_NOTES */;

-- Dump completed on 2024-06-21 10:35:12
